kind	mode	sha256_or_target	path
source-file	100644	bdde15fbceecbf427eb57c788fed292da9b6e47842736a785495e37a3d6acd90	.gitattributes
source-file	100644	c229ca85942b07e3acea8d99d647e0894e47e15c8e1abec9480b09c277b9ea4e	.gitignore
source-file	100644	d036f9dba746967f3279f221218b864d2a983586301d284f49aff9b5e89b5af3	FEATURE-MATRIX.md
source-file	100644	ca177acbb48e9875a79b0ebc1c98904601654dd319a24c365d36a0006e75aa78	README.md
source-file	100755	f11d8508d836091dbbf1b8af663a4c2b844307c92affc442da77b45956891c07	build-cr6608.sh
source-file	100755	2950669538b794e8800b50c6ec77fcdd6be1453c49e2f193988d83f581de75f1	build.remote.sh
source-file	100755	2950669538b794e8800b50c6ec77fcdd6be1453c49e2f193988d83f581de75f1	build.sh
source-file	100644	7d9d6df316b853d0053b1b210f9e3299d4cae49c1715032f31d12090ffc74e4e	cr6608.seed.config
source-file	100644	a79691a93b46e49ce460c26ef22afcc03d6eca1e63bf2edbc20e96159510f6c9	crashlog/.gitattributes
source-file	100755	851230da660931f4b2bd2499f4f1561b47b4769a40e35ea83a1aecc89bc9a16a	crashlog/01-cr6608-crashlog-maintenance
source-file	100644	6d854a7f4ca37cd9d8f52f596affe1770e6e74b8bfc275f78ee2a945b0dcc9a5	crashlog/README.md
source-file	100755	92bf31d8b00678eca1c1a65a291905f50c17232cb5d63d77c685528c7df5c8be	crashlog/build-cr6608-crashlog-initramfs.sh
source-file	100644	c4597a2051d8a59278e3d360842197b35739297cf7c06974477b8ccf24b4da44	crashlog/cr6608-crashlog-maintenance.marker
source-file	100755	e8e1f78bbe6cad8d10d0bdc85c429a47bdb482ed568e5e266e7f789162f1cf95	crashlog/cr6608-crashlog-sanitize
source-file	100644	423a3b0ff3644006487fe07741d69ad3134c5f1833b4418cdfc35d40411b5fa2	docs/CR6608-STOCK-MURU-PORT.md
source-file	100644	dfebeaf529cd9215603ca1405bbcf15f58e8cdd4c89ebdb16daba22aa5db5563	docs/MT7915-MURU-VENDOR-BASELINE.md
source-file	100644	2a34b600549bd1d34ef5cac7de1bd527c50ee0e215389db3d348b77a44e11980	docs/RETAIL-PROVISIONING.md
source-file	100644	b3c3ba4a096adcbe80f06fb38637e3a2139f63542658744059feb08d68784ec9	factory38/01-cr6608-factory38-maintenance
source-file	100644	a1590e8672c04f5db7f68db95e773b6a26939c41f407c676b326454f4392f178	factory38/build_factory38.py
source-file	100644	18476f5b0228746d5c5516ee84ef8f27f4c269b410fdaf5c1204d7855a1e3622	factory38/cr6608-factory38-stage
source-file	100644	f6d3659a2151a14a652ef043e6886d6b2c9882cef7be9dd808da6d7d5b6cb441	factory38/cr6608-factory38-writegate.marker
source-file	100644	cf3e85d10442f15f606dd203775e31b3766636ba5e53747718cabfed849cdd28	files/etc/board.d/05_fw_defaults
source-file	100644	1bcaccdf6eea36151009e15d36e0a2c95e180815543c95a55d43c7b01dc26946	files/etc/config/argon
source-file	100644	7449b4d2b6663b77313faa64086542787b546e263223f94fa72cac0f6df83194	files/etc/config/cr6608quick
source-file	100644	2aec081b19c9c59e4e4d5de54ae3ab2c0365ec41ee6c22b5f8ca135593ed6cd6	files/etc/config/dhcp
source-file	100644	9787d0973527384aad59e986f36782554ef61f7505951c71397ccf056c9e92b6	files/etc/config/dropbear
source-file	100644	dfdbda05969d2fb5b000e8a6228bae642b0e59e0f58b71e0d5d8cc6dd565fb12	files/etc/config/firewall
source-file	100644	8a1bd77dd719005058c998e3afaa1f9baeec28561df76f75ee10f62b2f4f7ef9	files/etc/config/lldpd
source-file	100644	da7a28a5e52b4a5ef5f2cbd327d9cf66437f96f8fabe8020b6eec2a62a06eefd	files/etc/config/luci
source-file	100644	ea72387d89faf011cb35d10af97974cfc7d2665bb27d246c08ac82cd17b4fd97	files/etc/config/network
source-file	100644	975ab94d683e3ceeaab250658df3d4547c09a41c26711855c31fd45d77528489	files/etc/config/rpcd
source-file	100644	e3d69e9b4a4c0a7dc9fc07ff5283b7e82b57ec84ac40fe274654e2506084561d	files/etc/config/smartap
source-file	100644	a1a19f1109dc1b86021de840144bb65e253b75cc42c87b79ff9612790e923911	files/etc/config/system
source-file	100644	1161d76654647125b5ce650f02e74f438fdfe67095f6f6313c8da24166b577fa	files/etc/config/uhttpd
source-file	100644	cd87ee0b00d7f62010fab8aada3c902acb5f68605859547b6172bdf32903ff75	files/etc/config/usteer
source-file	100644	c7125d08466fbb3730ea8db3ec49fb58978abe501a8445a4e74f48ad80cc812a	files/etc/config/wireless
source-file	100644	8c87b6e6636319f8cbfc90b4493b951d13c85cd906db3a277c50869d271bfdc1	files/etc/cr6608-artifact-profile
source-file	100644	e5b160db48b8b4ec72b80d6b1bb783d7294b668089c1d00580f77b7b87d8336c	files/etc/crontabs/root
source-file	100644	a504513b8653bc9ccd8e595f3a52c3145c0a59f6e88fbc0c012e19d8a27aa848	files/etc/hotplug.d/iface/98-cr6608-security-runtime
source-file	100644	e91f5f2ec37a579999c6e7a72b4c2e3d923697ddf1a681c27e24561f80d43f19	files/etc/hotplug.d/iface/99-cr6608-dashboard-cache
source-file	100755	346bf6e5dfa6a33450e0d7562eef6eb1815642ba6c74388a6ebe418f6087abbb	files/etc/hotplug.d/iface/99-cr6608-rescue-guard
source-file	100755	57fedaa970ffe93fc0c30c888df723f31da58bfadb0feef98441ffccbf372421	files/etc/hotplug.d/net/90-cr6608-ipv4-only
source-file	100644	19d1fbefcdfd456e294c905d3109aa8a325ab2d13ae6707b3e8e4a7603f340ef	files/etc/hotplug.d/net/99-cr6608-dashboard-cache
source-file	100755	ab02a0717280674779a6b246ad5d1ccf821824fd1e0a1d4a857b7f37c2f99698	files/etc/hotplug.d/net/99-cr6608-rescue-guard
source-file	100755	6afe8061b3824b37bf2a220f62cc6961f3ed744c9eb88edea21ffdc9bb181823	files/etc/init.d/cr6608-ipv4-only
source-file	100755	d01cd95941f66e0373cc53ad7a007b424d7b834f0039da7bf20f71cd41965c64	files/etc/init.d/cr6608-management-guard
source-file	100644	764cff622a8e0861de375c3e16a7d5cd86555219a84b98d679a500c72ad5ee1a	files/etc/init.d/cr6608-neighbor
source-file	100644	b7142f084686bb813801ddeee74307e31ef370b605693fccae2a6527c4201c7b	files/etc/init.d/cr6608-quicksettings
source-file	100755	df9744160b86e1b3a61fc6c2070915c14c75b972d7e491c88e06a90ae2363c84	files/etc/init.d/cr6608-rescue-guard
source-file	100644	4a54240de0bf22d620467f3619dc4e23e2ad4dae64aaf46caad3e0150482c4c0	files/etc/init.d/cr6608-safe-apply
source-file	100644	8cf0f66820584333fa738de48fdbb7b12b0decde326ea471756c630977d8c6e1	files/etc/init.d/cr6608-security
source-file	100755	42d93ed6a01313e6a2f1b7ca721eea3297f5fc0e74de1aae8dcf2414780adfb5	files/etc/init.d/cr6608-ul-muru-guard
source-file	100644	e1f78ac8c267e82ed6b93875fb6529979b954d91439b3c6101cac981c4eaf710	files/etc/init.d/firewall
source-file	100644	7311ad984f4e00400fa3e85d8e09070b05a1bad746410a92771b74988bd741d2	files/etc/init.d/smartap-qos
source-file	100644	a73958766379bfd8bcba4531628293730502b1790d482cbbfadf4eb69e9447f8	files/etc/init.d/smartap-time-anchor
source-file	100644	8b395f7d827753e1e92d4a1c369d9fe16caa23bf742b3f78e4599c4dd9b1b6e3	files/etc/inittab
source-file	100644	309c0a93ecfe6bbb0a9bbef8c1c6e45f50eea635fb5ef9b09d79f6e3f2885e7f	files/etc/modules.d/mt7915e
source-file	100644	ebd7492ac320faecdc5d6a1ed4a32f90f87e33c101f474aaf6ef01b679539e4f	files/etc/opkg/keys/c2b162a7217acaa4
source-file	100755	8dd2df64587ce3af21f7b31c8c14f4ceeb2d89c9a1dce33add31c0f98b439aa7	files/etc/rc.d/S97cr6608-ul-muru-reconcile
source-file	100644	c72667e0e4f314c14e3a0db0e0f91b7bd2bf9ac15fac54eb809642953d4752fd	files/etc/shadow
source-file	100644	4d40cfe1a76cef508531b38ee2ef553798da482c48b8d75b8cef5f0cd2eb1920	files/etc/smartap-build-time
source-file	100644	abc2f3c16e4c2b13ceeb417ce24a82ed746557b65613047f89c9c39af41ef4bc	files/etc/smartap-time-anchor
source-file	100644	cd522705167d54908dd489ccb14af656b4ada07659fabebe6972f5053c8c148f	files/etc/smartap-version
source-file	100644	d1fa1c44a22dc13bbfce06ab30f8aef4e1193b4fd7250d547c8e5056f995a6d4	files/etc/sysctl.d/99-smartap-perf.conf
source-file	100644	cd80878e88901ff41084d021ad12421396f0b4cd773cc80993f2752ff807084c	files/etc/uci-defaults/00-smartap-time-anchor
source-file	100644	3d7618a298713f52c73f37342fc10df0a787bd1465e8593cdb0315aca2113f60	files/etc/uci-defaults/93-cr6608-smartap-heal
source-file	100644	1edd73c02a1b5e1e2fc078d3761cf4810b7f3b8a836af876a364226a98767e5c	files/etc/uci-defaults/94-cr6608-txpower
source-file	100644	44df2733fe2fe3086b90410c4a81d92158ca218ebff134e3c3595ce830b6a35f	files/etc/uci-defaults/95-cr6608-dhcp-off
source-file	100644	4b05ea2e7ab5d38c5782f03badd2c0a2bbbba2b418ea7fd793e5f0a2e526895d	files/etc/uci-defaults/95-cr6608-enable-legacy-11b
source-file	100644	6b080c95207e09494319f514aefa64323253fd1581eb17e35e549f4be7fde74f	files/etc/uci-defaults/95-cr6608-unique-channel
source-file	100755	cbbe045a6c1f460ab544e1fa6991abe0875ad1294143301ad0c0c900313c7819	files/etc/uci-defaults/96-cr6608-sqm-dsa-defaults
source-file	100644	8a05f27a4ef6d9ef10f6f01f7f425936c964e905a20bca02f04c3b2e9b5f8afe	files/etc/uci-defaults/96-cr6608-ssh-port
source-file	100644	e4e4eed621b85d6371f03561d19d6586a035017d44fb3903a3c0650418ed4303	files/etc/uci-defaults/96-cr6608-timezone
source-file	100644	bcd7c6e94285613924de7030730e78a8fc81f7c777a27a51dae0f56b7345e084	files/etc/uci-defaults/96-cr6608-unique-hostname
source-file	100644	a145eae21a57e76aee3e9c933e2d01bc69c7bcc7685d74696fb802bf5eabbf16	files/etc/uci-defaults/96-cr6608-wlanrescue-isolation
source-file	100644	06bd3fdaa9cb6509290de2714d5ca881fec4f9ba6bd02193126435c24adbef16	files/etc/uci-defaults/97-cr6608-remove-openssl-legacy
source-file	100644	688c0c0fa899bcf7b538afd55f06a8d911fec8a7c6a8a1b4eec87f5d6d3aa33b	files/etc/uci-defaults/97-cr6608-security
source-file	100644	58b3bb517b132216f0969a41eba0cf9d6dbc7a52ca6e6c2a54e0c21c2266a3a0	files/etc/uci-defaults/97-smartap-bootstrap
source-file	100755	a8d015733082a1b459b79102adf85fa9f04d536aac15da879e7bf321a473c17b	files/etc/uci-defaults/98-cr6608-https-capability
source-file	100644	fb74fe664ea804bcc15adbc5f368d080b85caaf01b617dac957c1ae46692f9e1	files/etc/uci-defaults/98-cr6608-safe-apply
source-file	100644	9dd3b7148617891e12d82e85e30266bc974e21fcdac9821dbad5f7f860b087c9	files/etc/uci-defaults/98-cr6608-sysled-restore
source-file	100755	a0b019f0aad9648cfb3411e27b98e78c5b490749bce567ddee34202451af136d	files/etc/uci-defaults/98-cr6608-ul-muru-guard
source-file	100644	b3931fd6cd27c771c1e6396882cf2ab2d1d95b40325ce34de68d05c32fb07027	files/etc/uci-defaults/99-cr6608-argon
source-file	100644	24c96acb81e07268f3ecba751223cf4b9a82f53830990321f5f8349699622798	files/etc/uci-defaults/99-cr6608-neighbor-enable
source-file	100755	56af27604fc455dc250d38fcb8c49a77ffff123e7499dd81023580392b75d7fa	files/etc/uci-defaults/99-cr6608-preserved-config-v2
source-file	100644	94e21d8602a5ac5f392c0a689e39df22254690828b813e542922b1c4c1377c7f	files/etc/uci-defaults/99-cr6608-root-pass
source-file	100755	628f6cce08d5e45fdc31a3eb594d95881ba07880b91923282bc534f7f286455b	files/etc/uci-defaults/99-cr6608-runtime-services
source-file	100644	23a3363327430c0271763f483bbee0bd69cdcd1e6d17969013a5c94a673584c2	files/etc/uci-defaults/99-cr6608-secret-migration
source-file	100755	70553d9c5b1d569f1cec77bda17f1a74a65f03524f296cf1b62ce9c45acdba6d	files/etc/uci-defaults/99-cr6608-secure-console
source-file	100644	a18ac5458f47abd3896968d3ebdad3d00541ecc6190544f91310114c3d440aa1	files/etc/uci-defaults/99-cr6608-smartap-only
source-file	100644	eac5d0161d3fce5c6f62f20a3b1bb7eb3c016b35ae7030b05c70beca378ed655	files/etc/uhttpd/security-headers.json
source-file	100755	14797d0a90a76888d9138e508e3fbaff105d42e63830778d4b2be2b2ac059c64	files/lib/preinit/71_cr6608_initramfs_detach_ubi
source-file	100644	98ffceb9c685a9faac57cfc7c43252dbc1ba0e9e08fc5454bad95e684c292320	files/lib/upgrade/fwtool.sh
source-file	100644	5c1d7ae13b2dd649d2847994c49ca280e2ff666bdfb26908de72ba5974baea7d	files/lib/upgrade/keep.d/cr6608-retail
source-file	100644	6fedf7a7c9f030a94288e1b6d771de63a6dddae2c68c5410fc83a282ce3607db	files/usr/bin/cr6608-country-power-scan
source-file	100755	a7d6fcaba79abb854d449c7e1167e362f5ceca4f01dac7363d2fafb71c92c5e5	files/usr/bin/cr6608-txpower-verify
source-file	100644	01720bbb626d9c6c8cf3eff6a8ee3165db1c62943bc3dab2e46db54f45933a85	files/usr/bin/cr6608-wifi-full-verify
source-file	100755	4677858c0732b4147cf36f714532589be77dc38e79001de28dd7696d63c6f306	files/usr/libexec/cr6608-dashboard-cache-state
source-file	100644	ca2d56c31d898a2cc3352647e609ab9d2ec21fd1bcffb1783443a04e833c6abc	files/usr/libexec/cr6608-luci-acl-names.uc
source-file	100755	29e9f204689de7be034c7133b7c6d6029bd813ccd7b029c0382fce77b6f2e1af	files/usr/libexec/cr6608-mac-identity-lib
source-file	100644	504ad7f966352cf8c037386063b7f4e7073bf1078144e9e55739dd9f6daff9e2	files/usr/libexec/cr6608-network-safety
source-file	100644	416c762c60df8b57a26ed73e492c49202ce6581492a5c136ba6c6d7cf2cdd169	files/usr/libexec/cr6608-port-readiness-lib
source-file	100644	6756f4b3a0e352e4dfd7b3a2f33d5f8a5b35158d036fed21f101e0c2721fb2b2	files/usr/libexec/cr6608-private-runtime
source-file	100755	cab58f0614c3d0c53f2823e4bbe84f3fb80cdcf1d7edb3cae57dffc45c0ddc87	files/usr/libexec/cr6608-rescue-firewall-include
source-file	100644	6bea0baee87ce6e50d24265aab28418180fdb57e3d357fe9eb22339ce6ff44ae	files/usr/libexec/cr6608-session-auth
source-file	100644	f973b3c94839f1c6b77c81dd8119398a4462d16db1acf76b75a3701d49309a52	files/usr/libexec/cr6608-txpower-lib
source-file	100644	e4880044563fef06265bb1b24c8cc5e93a7ef0651ab7fdcbd031c3b776e62b48	files/usr/libexec/cr6608-vlan-lib
source-file	100644	a6aa177b9a045185d1ab3339630a7c54b9d70171041eebc9fbaba8caf6264b99	files/usr/sbin/cr6608-ax-verify
source-file	100644	725d5102b610af4fc62ff7a85fffc87fb45cbc037d04b76f77b72eef85b364dd	files/usr/sbin/cr6608-dashboard-invalidate
source-file	100755	f0f6af482c20fa8f1a24cc4ff9049dff2bfdfc33f082c93b3611f2c213e166ab	files/usr/sbin/cr6608-easymesh-verify
source-file	100644	0253e49c367e96250b7f73f252f310a697f0c167ddabcd86250cca1422851fde	files/usr/sbin/cr6608-eeprom-power
source-file	100755	2d88e901161a1d1ba7ac2156a3c6994ce43da8353cfabd35ff9fb120c139f0dc	files/usr/sbin/cr6608-ipv4-only
source-file	100755	5578961d3d2a6f879f81837ec6a4a126e3242fd749326d5d7702e175a1487cb1	files/usr/sbin/cr6608-mac-verify
source-file	100755	d995db6d5b8c9dceddb9ba991afadaf54b6d1cc56887a6e18547342c0f45ad69	files/usr/sbin/cr6608-management-guard
source-file	100644	a4eb156a508ffce8da846110b39ff2448c0c257e5f210dcd2cd10b5b65746787	files/usr/sbin/cr6608-neighbor-service
source-file	100755	f9278e79b2e4647283cd1a6cb74e2bbd7c695837f45ac6c1f8826df6ceef6701	files/usr/sbin/cr6608-port-readiness
source-file	100644	c6eb02c2d38d52bf828de6599203c094e31cc977de0e44e09892a73f5ed72617	files/usr/sbin/cr6608-quicksettings-apply
source-file	100644	0b027801cd28f83e65f3d18694d890cea83caf65098b053bed3fac5f9e2a15f2	files/usr/sbin/cr6608-rescue-guard
source-file	100755	d24ca59fb7413dd8da3f4cd4af51ca06db04c1094f0258f1a84f68d567150afe	files/usr/sbin/cr6608-retail-audit
source-file	100755	6e99fd98672f027fa62e4d3ae63fca7b18944d539db2edcf2fba78f19dc5f699	files/usr/sbin/cr6608-retail-provision
source-file	100755	3149df56704cd76b0f3276b9d7451a803ef115f338a78b2fd0a61734126a435f	files/usr/sbin/cr6608-retail-radio-audit
source-file	100644	13c2ca127c00271b447a9fe42e94b40f5d9675df2ac408787efbd72bdf792959	files/usr/sbin/cr6608-safe-apply
source-file	100644	da46fd5d0673fa76ad914edb8c147fb56b00ec70ba98078220dc5d16ba55b470	files/usr/sbin/cr6608-safe-wifi-reload
source-file	100644	0da425b6587535d0f2ffbe0f102326a77893fddae83d5849990ec0d8407648a4	files/usr/sbin/cr6608-security-apply
source-file	100644	c449af7fc08fd2b35e567b9e250117f70ad8905bad5a18743481e66b2a7364dc	files/usr/sbin/cr6608-session-reaper
source-file	100644	57dc7188db62476c48e25199e89aac9adf7268f61a55fe51daf56043757f03e1	files/usr/sbin/cr6608-txpower-channel-table
source-file	100644	bd430bfffe06ffddd89f72f5c6ea4e0206383b3512a4f7e8cbbc7394f9e9c4d9	files/usr/sbin/cr6608-txpower-collect
source-file	100644	d90ccc04635e18a38c1ca50d0930bcb251b1270c502eec099387437f1ceeebaf	files/usr/sbin/cr6608-txpower-step-test
source-file	100755	aaa86e88d2b2c3c709d13549defef294fdb308096529bf7b549f1ea5559cdecb	files/usr/sbin/cr6608-ul-muru-airtest
source-file	100755	25dccd382b61352146f01fe8b2b3b6cc9327920a61ada1bab6749b7bce2afbfb	files/usr/sbin/cr6608-ul-muru-guard
source-file	100755	a0ef8b4b5699c6f3946188ed324d43a0a5c90823e83de80b2c3923e198df3a57	files/usr/sbin/cr6608-ul-muru-verify
source-file	100644	c09a417e809af7aabed6c80e600fd6635ae24ea7b593c9487ee38a6c14344182	files/usr/sbin/cr6608-wifi-schedule
source-file	100644	c9e98f7a49f3bdd76fa619a2f96e33b3ef3f3be4f692c06d8233334f038a9809	files/usr/sbin/cr6608-wifi-sentinel
source-file	100644	182efefacb34d4ce9f0eecc0e28d05c78d35f9863eebce61c2c8f892e00edab5	files/usr/sbin/smartap-autochannel
source-file	100644	195405a563d639091d79e83f533bd846035101bb93f52b9770059e8171bb0fd1	files/usr/sbin/smartap-bootstrap
source-file	100644	ea5b6e02abec6d42115b9a5d57b864f3adb9f42418cd06cd758dca281e0dc910	files/usr/sbin/smartap-qos-apply
source-file	100644	206ae735a83a31a2fec45a2af23644110eec31af88c1375d2a6d2541e9fed06c	files/usr/sbin/smartap-selftest
source-file	100644	5ca0cf4d343cbbb5ef72896042c692c30b2619e36d5d4eac9ede1b9deca0d407	files/usr/sbin/smartap-time-anchor
source-file	100644	21f31753931ed04d18be9103c78cb03e07eb6621662f3654c15f390b26cd9548	files/usr/share/cr6608/ax-feature-support
source-file	100644	b63d7d5c098dfaa1c6eb3c39a0dfc12137c2779bcc2051540100e8936e197cef	files/usr/share/luci/menu.d/luci-app-cr6608-quicksettings.json
source-file	100644	add56e3cead3194d9c33eee9728edaf2e696c2a0070ee6c7bddeb5a4a2453577	files/usr/share/luci/menu.d/zz-cr6608-logout.json
source-file	100644	901313767c385895e793c1d5043da0364679167b668c67600430230c277df94b	files/usr/share/rpcd/acl.d/luci-app-cr6608-quicksettings.json
source-file	100644	2ef9b5e285d69708d8f5de827e98cfe1ebac84ba6646e392b85d904e2294a75d	files/usr/share/ucode/luci/controller/cr6608/logout.uc
source-file	100644	2f30ec053441724f0455e687ea273c77e41800780b6daf36d2daacd75d783ba2	files/usr/share/ucode/luci/template/themes/argon/footer.ut
source-file	100644	6f2ecf5d566f55b5c2069601a9cd605530f6de3e41a4446e56d9e2639bb2907e	files/usr/share/ucode/luci/template/themes/argon/footer_login.ut
source-file	100644	fe397f35f7779a809c046378531e053988d461fc06c0bfedbf28434e05239535	files/usr/share/ucode/luci/template/themes/argon/header.ut
source-file	100644	4e459c4c08ad68488f21d1a5148aa241cb60e5a66b5f40306260ee6f9cd90591	files/usr/share/ucode/luci/template/themes/argon/header_login.ut
source-file	100644	d99ca83e2749aac7677cc03040aa77fa13116c134bf0e17f496073639a5fa116	files/usr/share/ucode/luci/template/themes/argon/out_header_login.ut
source-file	100644	70e8c4d092856e7c00139449228fc373198ae257815919c5a245a70fbe7926bc	files/usr/share/ucode/luci/template/themes/argon/sysauth.ut
source-symlink	120000	bootstrap	files/usr/share/ucode/luci/template/themes/bootstrap-dark
source-symlink	120000	bootstrap	files/usr/share/ucode/luci/template/themes/bootstrap-light
source-file	100644	46576f20dc78bd2fe5ac62ae33e22674822041f8010084fbe0843f963a5b7572	files/usr/share/ucode/luci/version.uc
source-symlink	120000	../../usr/libexec/cgi-io	files/www/cgi-bin/cgi-backup
source-symlink	120000	../../usr/libexec/cgi-io	files/www/cgi-bin/cgi-download
source-symlink	120000	../../usr/libexec/cgi-io	files/www/cgi-bin/cgi-exec
source-symlink	120000	../../usr/libexec/cgi-io	files/www/cgi-bin/cgi-upload
source-file	100644	5ee4c740813711c88566cb7f404f31d6c23be08bd99f2a80817a27569f28db0c	files/www/cgi-bin/cr6608-quick-apply
source-file	100644	b84d03d11796fa03dfd629ff55bf14c12b29a19173ce12366260239ae8892ae5	files/www/cgi-bin/cr6608-quick-confirm
source-file	100644	b75276f3ace54d752394f320f605b88afaf37978769e11c448836e19532b24fa	files/www/cgi-bin/dashaction
source-file	100644	b16bf7fcaa96f50653c2c21a243d02d54c17db68e81556f398ea02623d71dfb6	files/www/cgi-bin/dashapi
source-file	100755	f154d07dee47f1c511ff99e34f7e6bcca9464bc32dbcff798b87df8f4d502ef5	files/www/cgi-bin/dashapi2
source-file	100755	2d2fc5717c20d9ac91bbdf6791c8b5e185e78b3fac881d38c38caeeeaa677347	files/www/cgi-bin/dashctl
source-file	100644	9709c3dbd553900de6ab543e5fc9ccec406081e9ba5caffa5a550788e9c7cc8f	files/www/cgi-bin/dashlogin
source-file	100644	c4bd46dad739c80e38added166b8e17d9cf3899b3d04c5fd94491879773b7883	files/www/cgi-bin/dashlogout
source-file	100644	9432aaa57810407be173e70191a3d75a6d014c4d02ab0a1d99d0744c9f88280a	files/www/cgi-bin/dashluci
source-file	100644	1863d6fb3eca19baef43bfdaf8d0be29c4d47c0b31b3f96cef19c77a8a34b8d3	files/www/dashboard.css
source-file	100644	6ddf845fbd96284f1f26518935242dee26827e6651bf2a4240ae38ebcf08af0a	files/www/dashboard.js
source-file	100644	b9db417aacaef047616e6db01ac1d33f19167881e00e4c96dacab4c81d56b317	files/www/index.html
source-file	100644	a2c46b077c30208645e931d134374678a06dda81a0dcce60934a623467f27627	files/www/luci-static/argon/background/desktop-wallpaper-computer-networking.jpg
source-file	100644	e6044f2484d59adeafd079c28eb056151b8a8065001fb9ad004181e8f49b7b72	files/www/luci-static/argon/css/cascade.css
source-file	100644	7d1441a5e8af7537d32a2d8abcd550789b9aa9a57df7c774bf457c3bbdf1041f	files/www/luci-static/argon/css/cr6608-mobile.css
source-file	100644	0e86ff691e12771b8f692380222a765b48e433bf47b077a2be58e6a1c8c2cfd5	files/www/luci-static/argon/css/dark.css
source-file	100644	a5448d8a7de57e5e9bb5b2a1800498c9e5ea9dc94be999b389e3f481746f16ed	files/www/luci-static/argon/favicon.ico
source-file	100644	d79316dd6915896d7fd9b8b5e6a90aa64f7ed92798a039a76e2a039dd767149b	files/www/luci-static/argon/fonts/TypoGraphica.eot
source-file	100644	8017c631ba2f5c17b2131b0e6010d1059fea30f3e55adadb65e25ca8d696f97d	files/www/luci-static/argon/fonts/TypoGraphica.svg
source-file	100644	b0ecf578601a912923a2357f4d482853bbf8d6051575ecac9920416dc43aadd8	files/www/luci-static/argon/fonts/TypoGraphica.ttf
source-file	100644	2dd88f826404ca0e1b422b8d3a7fbefdf8da1ab90bc70157e47134efbb5f6131	files/www/luci-static/argon/fonts/TypoGraphica.woff
source-file	100644	d049cec116f287e19dc93e6c99c88c55d9bb639f67dc83896babc880e37f27ed	files/www/luci-static/argon/fonts/argon.eot
source-file	100644	4556f934bf2544fa4592ea70dee109844d44fc95b224bbc245e3213144304310	files/www/luci-static/argon/fonts/argon.svg
source-file	100644	e933b79cffebb5f5f36a62a4917c437e71c4663dd1015d8f5f4cc3acef5097cb	files/www/luci-static/argon/fonts/argon.ttf
source-file	100644	1f2d0d2837b0c22b440c6537a67f98f697d12c3ff490e99d64be26b3324fe1a3	files/www/luci-static/argon/fonts/argon.woff
source-file	100644	55f8bcbdc0f08d5e2ae2a405f9b9dcf7d0a51da432cc189cd7f6f5105416cbc0	files/www/luci-static/argon/icon/android-icon-192x192.png
source-file	100644	49f48b573dd8ee54617080366417c1af9b4b47c4345dedf43808fcb6f763297b	files/www/luci-static/argon/icon/android-icon-512x512.png
source-file	100644	821fa987c6d2609e0c89b3da6b8fc17fbb6cf6866fefb321b80f3f4fd467511c	files/www/luci-static/argon/icon/apple-icon-144x144.png
source-file	100644	365c822baacc022ee86ba847836e1789121720ed86d8ce24e28ee591da33308b	files/www/luci-static/argon/icon/apple-icon-180x180.png
source-file	100644	cc559ef800dc12dcc658fce3df4f35d0388810be4406dac6cb2c7d642db29b80	files/www/luci-static/argon/icon/apple-icon-60x60.png
source-file	100644	8c1c6ddfd678b37116808c7930f663edb577ce33d8ddb6c26a882a6b29eea98b	files/www/luci-static/argon/icon/apple-icon-72x72.png
source-file	100644	3ecf3ea991a673d490eadc3e33f035703ef45834a84d9081423c3181bbaa60ea	files/www/luci-static/argon/icon/arrow.svg
source-file	100644	767bb08842ba2d19e8f6b93e516acb7fe157e3fe228d0bb1dcd38cef15f231c4	files/www/luci-static/argon/icon/browserconfig.xml
source-file	100644	204a3346178db64ef5658f1a42eb7ddb447512d04068d81ed10799c55e9b7d23	files/www/luci-static/argon/icon/favicon-16x16.png
source-file	100644	95de2058df9cfcaa8e7c503ba2d660801b8770f1c319a7527e2349a92cfb2a36	files/www/luci-static/argon/icon/favicon-32x32.png
source-file	100644	a55ca2e5c8f4fa5fb757cd501d6a6c8eee2ee61032119691c17b44f2f22e9cfe	files/www/luci-static/argon/icon/favicon-96x96.png
source-file	100644	5da54d935acc5e35e4e558dab351881e048ed408e1e842b7422e7a21279ab878	files/www/luci-static/argon/icon/manifest.json
source-file	100644	821fa987c6d2609e0c89b3da6b8fc17fbb6cf6866fefb321b80f3f4fd467511c	files/www/luci-static/argon/icon/ms-icon-144x144.png
source-file	100644	6f386afd0221418e8c64e8ea45ab70235168f3aa1835dab3eea0b6ee6567066d	files/www/luci-static/argon/icon/ms-icon-150x150.png
source-file	100644	493b5f02b4baed81ae9d66c77f1f1e376b06285b05988d1e322f4c6a07b17403	files/www/luci-static/argon/icon/ms-icon-310x310.png
source-file	100644	1636441cda3929a0012f186f083f879db9a32dace8c160fdf1dadfc286cc563d	files/www/luci-static/argon/icon/ms-icon-70x70.png
source-file	100644	8d08cc357f8747acc3dfc84354663f59eac1f8cfbd22fa04cf1e933586230d67	files/www/luci-static/argon/icon/smart-ap-assets.json
source-file	100644	50cd2392607c692805657c54ad65ae0a32484c77da5f1b0b2221ee3fb0ccd7a1	files/www/luci-static/argon/icon/smart-ap.svg
source-file	100644	e5739a5981aff7b79398d02b5ea4101ca81f081f20eec0bddf6c872df865127a	files/www/luci-static/argon/icon/spinner.svg
source-file	100644	a2c46b077c30208645e931d134374678a06dda81a0dcce60934a623467f27627	files/www/luci-static/argon/img/bg1.jpg
source-file	100644	530d6aeb77c6434e6986e79ed8211f78f69ba3e993a750d7f260d8fcf233ce71	files/www/luci-static/argon/img/blank.png
source-file	100644	422c9cf97a3c1d921e0340319ab9f925ce406066a645924279891fe954711d35	files/www/luci-static/argon/img/volume_high.svg
source-file	100644	6c12e2584aa4b53d0b4a19d5089daab11977ac19500aefb7a8b387106a3166df	files/www/luci-static/argon/img/volume_off.svg
source-file	100644	2a5bdb1e9a8daef4c0ffd87a05e7426da6aa845709f17b1b4bf6999fbf0e8caf	files/www/luci-static/argon/js/cr6608-localtime.js
source-file	100644	e7f377016be2d5de5f623ffc01d2a704be6d2d578e376cfe385137d93a521140	files/www/luci-static/argon/js/jquery.min.js
source-file	100644	3cd3346d479f56ef581c054da2c093fc98bfe1ad995112535f839d25bfc1703c	files/www/luci-static/argon/js/polyfill.min.js
source-symlink	120000	bootstrap	files/www/luci-static/bootstrap-dark
source-symlink	120000	bootstrap	files/www/luci-static/bootstrap-light
source-file	100644	8f22114e8a5ec835e7003058e146bbbf44be241738f472ea71c1e16f08d2c64c	files/www/luci-static/resources/menu-argon.js
source-file	100644	4aa21453d138b7dd8df56cf16b1a3c31a4ea1b1fb40bc4ccd44f7f49cb11c87f	files/www/luci-static/resources/view/cr6608/quicksettings.js
source-file	100644	94563b77aedaeaa30c241d84a50299f67f379d6f432d0693ceff44f37dfdd3b2	files/www/smartap-zero-retention.js
source-file	100755	1aec37c23f9f805381cee6228760292205c2de5a14435d6c6079ffc7be74255c	inspect-image.sh
source-file	100644	94a89e9b3d090b0537c84583d4467dc66c34321b73cc7bbbfbc3f586946a4886	packages/cr6608-mndp/Makefile
source-file	100644	f487377303431a64a2ebbdccd4ef18d2faa5d4346ca6b0d50b38446934ffb1f6	packages/prplmesh/Config.in
source-file	100644	de01a3f1af122abf36bbb575b47fd7487b442cade65e04c120009488de20c1f3	packages/prplmesh/Makefile
source-file	100644	5e3d6cad3a0990fd0b53aa33881e91357ff2c810af3fe04deb0ba370d89a6288	packages/prplmesh/files/etc/config/prplmesh
source-file	100755	f389b0d3955f958e49456b91b2ec9d1af2e5d7e19ceabadedace3e40dea80fa0	packages/prplmesh/files/etc/init.d/prplmesh
source-file	100755	72dcd08eea3b3752f6c3f8387afa1d2531244d165d1fe6cfe43326deb1ce2a0c	packages/prplmesh/files/etc/uci-defaults/95-prplmesh-cr6608
source-file	100644	988339adb858f6efbcf58e79ed1180150cd463837226b44ce785e6eaf103503a	packages/prplmesh/files/usr/sbin/cr6608-prplmesh-sync
source-file	100644	95e6f6aff085e9fe93c70ab4406ac713ab34a238dbefe834e59be335b47d4624	packages/prplmesh/patches/010-gcc14-include-cstdint.patch
source-file	100644	f71992544c94f14a1d74894b7a6a98eb7dda9507bc68dd0441d63d06d0fe9d25	packages/prplmesh/patches/015-gcc14-key-value-parser-cstdint.patch
source-file	100644	0ee12b33da1c2e11d6ee771eec65dff3b1e40f8d7cd08b2fcf4b9467940b0935	packages/prplmesh/patches/016-gcc14-nl80211-overload-visibility.patch
source-file	100644	cce2caefbc47998c56fcd4952176b9466e16c245671658661dd7e870269112c4	packages/prplmesh/patches/017-gcc14-remove-pessimizing-moves.patch
source-file	100644	e3ce4a9f4f1ffefbe4d76ee32dc43a80df1ac58f8d3513f69bd13217759d7d0e	packages/prplmesh/patches/020-openwrt-allow-explicit-radio-interface.patch
source-file	100644	9a52f11239a63fc97ab5ed6bcf60f75ee284aeb2bd2edd23e01e88fd9133b9a8	packages/prplmesh/patches/021-openwrt-modern-uci-compatibility.patch
source-file	100644	c6901aa1a5397a95e6e61c8588488e77ec4650f1ec74942bde7929a51c559cc0	packages/prplmesh/patches/022-nl80211-hostapd-update-path-and-passive-mode.patch
source-file	100644	92b66a0b6d93539356cfa230f2a1c6b3745630912e0c4fc57290cf1e65c8f276	packages/prplmesh/patches/023-nl80211-accept-hostapd-multi-ap-zero.patch
source-file	100644	5b2c3476cc1a739d8e8fe1741c2772e827819fc6d3ef0fd8e6515d31848c0bd6	packages/prplmesh/patches/024-tlvf-empty-char-array-string.patch
source-file	100644	eff0e036bc849fdbe7ddf25d8487adfc57de201654a33ce9b66d966860765242	packages/prplmesh/patches/025-openwrt-runtime-stability.patch
source-file	100644	88c147ef17cb7c34cbd2285d88e96b775609559845a34991a0b111e33d8bf8ea	packages/prplmesh/patches/026-openwrt-dsa-runtime-compatibility.patch
source-file	100644	309096d9824ead82744ca0d27d402b0297cbd47d90a76f9efbdc42ab9562a9f3	patches/140-net-dsa-mt7530-do-not-advertise-EEE-on-MT7621-switch.patch
source-file	100644	baa86002cf3c53c5bc93cc802a4a3a2a769f9a92419fac079400644f3bcd3526	patches/141-mtd-ubi-skip-auto-attach-for-embedded-initramfs.patch
source-file	100644	036ae27188af9c54ff73ed3cf1559b32a0755e32fb53f39c6e8bb1a2379863cf	patches/992-uhttpd-normalize-dispatch-and-close-unread-body.patch
source-file	100644	c9884b46bd5ac13abdd3dccfe2cfceb66059b276ad37b80facaa45e486a7cdc9	patches/993-luci-wireless-preserve-configured-txpower.patch
source-file	100644	9cb7d4ce321859213bf2de7b1aabcd649433bbcdb75bec5508ce8116200d3856	patches/995-cr6608-crashlog-maintenance-write-gate.patch
source-file	100644	ef4951c7a43a12cb442355f7df81c122ece66ca919292159b4518dfca8c3514c	patches/995-mac80211-cr6608-txpower-trace.patch
source-file	100644	1bb93dee926cb351dbb07487013459ed5473abb3bb2bac95985b9fcc22459001	patches/996-cr6608-dts-rf-38dbm-lab-mode.patch
source-file	100644	199f29aed5e3d605057024e41ebdbf4fd744fda7d85c564d6276276ae9bece41	patches/996a-cr6608-dts-ul-muru-ram-gate.patch
source-file	100644	90fa62119efa265e6776eacb5310a502d6349b4fd47a2eeea81d32b23ba462ba	patches/997-cr6608-factory38-maintenance-write-gate.patch
source-file	100644	8289813b365df653e8fbc4fd1ab7472240ca5cff3cca2e6dcdae667c4071a81e	patches/999-mt7915-cr6608-rf-38dbm-request-path.patch
source-file	100644	dc5caf4da56708ac55ec7ca0df54f8603973715d914bc446990f5da65e952078	patches/zz-mt7915-cr6608-factory38-path.patch
source-file	100644	0cd33ed75c2ffaa8da87ea291b7cc3fdcb09e9a95c2d41309664b5d1c9334068	patches/zzz-mt7915-cr6608-firmware-eeprom-shadow.patch
source-file	100644	854ed44b322072b8ceab554b1eaa3111aa7a359c6b589e15a0067ba05b13047b	patches/zzzz-mt7915-cr6608-ul-muru-experimental.patch
source-file	100644	999eb17c7aad242728a1790f09be1f32d14f340e7999e0a0180c2504516a3a60	patches/zzzzz-mt7915-cr6608-ul-muru-vendor-baseline.patch
source-file	100644	22d4367858d03ad898c7c1bddfe93b78f223eec381097a73ad98500e27bd0501	patches/zzzzzz-01-mt7915-cr6608-muru-mask-state.patch
source-file	100644	276f3b1dfe26ff1e7f286c631d7183ef0d6c806c120ae98367356c089fd20327	patches/zzzzzz-02-mt7915-cr6608-muru-mask-init.patch
source-file	100644	d2ef33bdf5a56280381791e031093fdfd19e02edfc4275bb92f3e098d8b36235	patches/zzzzzz-03-mt7915-cr6608-muru-fault-latch-mac.patch
source-file	100644	3d6f38db0f6db0b508c6c7e19c287114cb5b5632d6b1fd93ce36f58caa0ce6d2	patches/zzzzzz-04-mt7915-cr6608-muru-telemetry-debugfs.patch
source-file	100644	24ea08f7f746cc896ba0cae941b75fbf2de7dbb5d60aaf29c9a5f900c8d73774	patches/zzzzzz-05-mt7915-cr6608-muru-mcu-response.patch
source-file	100755	e5db237f3dfb472d135717002be4bcb84fe1ec79b739f880c87f668ad8d54c98	profiles/apply-build-profile.sh
source-file	100644	8314464521499d6d5221368bd7956789beddc20fd52324302114883d42ca5fbc	profiles/retail/files/etc/config/cr6608quick
source-file	100644	3d7ce4f170b2e61ee10e4ddadacc6d136f41009aa17e3881bd8d71cf36c3ee13	profiles/retail/files/etc/config/rpcd
source-file	100644	0f606bf968de5020110e7ba543d07007514feb77e0a4e6fea4f5b34f856a82f7	profiles/retail/files/etc/config/smartap
source-file	100644	c9fab3e9b86fc2edc4112078118e6f173c7b574b9fe100f804cf4c97a2101555	profiles/retail/files/etc/config/wireless
source-file	100644	23f20f7e2dfd7a16b1f38178ae2866581ab9403ed2fd1be7298203b3c38969a0	profiles/retail/files/etc/cr6608-artifact-profile
source-file	100644	c39c13c8ae2c2495434096f2d7c71368cdc08ba0a5ed58585c5ad9cc1a697e5c	profiles/retail/files/etc/modules.d/mt7915e
source-file	100644	2cd759e1fbec08d5babeb0e4a3b55da8d6b4f8b4c47443b1cf6106a755bc8ce5	profiles/retail/files/etc/smartap-version
source-file	100644	478bff9b5820678a39656acb6a5d245182f240a63ee813ee657f4ddf24cde759	profiles/ul-forced-lab/files/etc/config/smartap
source-file	100644	2b31b5ed93e679d48c51a89e05c49802424f9161b9612bce41b6deb61de59202	profiles/ul-forced-lab/files/etc/cr6608-artifact-profile
source-file	100644	34026a0c61eedbb31eedc9f88b651a8e553d262915ad47d2cf6c1fc33b420261	profiles/ul-forced-lab/files/etc/modules.d/mt7915e
source-file	100644	fc68a64217323df0ab2b250e9c5ca5f4d177f1872c7406100b963c09e4c48eb9	profiles/ul-forced-lab/files/etc/smartap-version
source-file	100644	f7429f035833c134aaacbc96f082752c61f3e523bc45d6917597eea6428acd08	profiles/ul-lab/files/etc/config/cr6608quick
source-file	100644	3235e18dabe020fb2bcf8badef65e6cd71ce9d150170a43589d2af64a5ff0873	profiles/ul-lab/files/etc/config/smartap
source-file	100644	a14a9416bbd0c72643af864c55db611a80d298c55659adbbfb19a58fdcdc6f11	profiles/ul-lab/files/etc/config/wireless
source-file	100644	961271b5f3dee6c584ecc2cf94b4ab4186deebc77f69576057ce6082503362a5	profiles/ul-lab/files/etc/cr6608-artifact-profile
source-file	100644	97294489156dc2fa7dc67da2bb9301ea723f3867ad3f05803321bf61c6c4a7ce	profiles/ul-lab/files/etc/modules.d/mt7915e
source-file	100644	a2f4bf20272bbc68abe35f3f343cd8261250305d5ec3a59ac81033964d3d12cd	profiles/ul-lab/files/etc/smartap-version
source-file	100755	993c605485a52e426d2f1315b712b437360fd5024abd29bc161155cc7dac4411	publish-validated-image.sh
source-file	100644	ebd7492ac320faecdc5d6a1ed4a32f90f87e33c101f474aaf6ef01b679539e4f	signing/key-build.pub
source-file	100644	e65e12c5c3173ad46dbdff6cc732052f1ceed30b7f66179d1990f676239d752d	signing/key-build.ucert
source-file	100644	f9c4a14810bbec006795243807910dbbcb18b6046ae9505f9f289c0e22be3b1e	signing/openwrt-release-hauke.asc
source-file	100644	8dd1cc9e9c60d845f38aea52bb11acbdee71f795653565b88bf965301294d9d4	signing/public-key.pem
source-file	100644	4c0acdd28aed3c15b87a7d0eb92a3589e4d320860f5fff7653103fe7877d809d	src/cr6608-mndp-advertise.c
source-file	100644	ecb8b1435a446100743dd64f5e8309ccef009058e4df5c66cbcc63d2a4db79c4	test-tools/playwright/package-lock.json
source-file	100644	012aad24a68f8b64a8f32619f384fccbc9ea1a64e5b1542afa9e9c05bcf05f08	test-tools/playwright/package.json
source-file	100644	5edbcefd8ff6aaf9e0ceb0da48ef1657872a45bdc241de012f58385f4ed1f585	tests/fixtures/preserved-config-migration/clean.json
source-file	100644	3b46f19dc438e945babd08a3841e8d554f19ab5d46e5b8f250d6de8528d91174	tests/fixtures/preserved-config-migration/marker-v3-stale.json
source-file	100644	7285faa835513953027a05490a4747d253cc8fd6c42b9984b7aea9a4e358493f	tests/fixtures/preserved-config-migration/marker-v4-stale.json
source-file	100644	9ee160644cedd70f94fde71e76ca53f63a7e4113138a38a8c12acbb3896e1d24	tests/fixtures/preserved-config-migration/missing-root.json
source-file	100644	f16f3fc3951835a5b8c063bda7d059780aae3ed0f72d9a189479905fecc1ff07	tests/fixtures/preserved-config-migration/preserved.json
source-file	100644	3c808bdacb336f8c2de785652816ea1daff77e20a6ca8d6451d19ecf9212a48a	tests/fixtures/preserved-config-migration/retail-provisioned.json
source-file	100644	b477ab965c3c777b31b12518cc2dc4455140fe0498416ebffc7e550f4aa765c1	tests/fixtures/preserved-config-migration/wrong-board.json
source-file	100644	7c70758ca9b3e3beeda0795ad29dda852dadca5b9ee6b8313ea0a50603686a1a	tests/helpers/cr6608-private-stat-msys
source-file	100644	ea6120ed10fe627496b28ed43c7a7c75754728cbfc4fc6d718236a315c2b1ad6	tests/router-quicksettings-dryrun.sh
source-file	100644	ce0bf8666cce15ab0c84cc63fa4f469d031891e24723b30943aee20f872c7e22	tests/router-vlan-roundtrip.sh
source-file	100755	35248bf8474b39434ca8df6979ebb20489978f32913086af4275e42236817499	tests/setup-browser-tests.sh
source-file	100644	6fff4887e46495b6d0330b66c2a21a8cab27fd4405fff757e4a3eb3e9f916c2f	tests/test-all-channel-38-contract.py
source-file	100644	f163459fac5cfee9c52962fedd79de0a5bfe25fa276610ec232276eb129018ef	tests/test-auth-bounded-blocking.py
source-file	100644	c49f646e4faf125d03acbe2c5e69126284f024f11a2a90ad4d0381e853640785	tests/test-auth-lifecycle.sh
source-file	100644	cd05ec48c468c846f07941ca41e84bb4212d23cd7de389d4b43f90223ad71186	tests/test-ax-feature-contracts.sh
source-file	100644	c10ad47b8cd71b992daf379ba8eb2c797415b8b42c4e8375eb4422d0fd5ec6c0	tests/test-control-recovery-contract.sh
source-file	100644	225379ac906c503a3864ef2bfec8173e23da66b3c823e030c5dfd5cafc285c77	tests/test-country-domain-contract.sh
source-file	100755	67c7a2e7eb0f9b3516cfc98135d869465360813648bb68bb69d877902d63186f	tests/test-cr6608-crashlog-build-contract.sh
source-file	100755	71b4a97c06869e1b9cdac8811f883d1e8a939c98259356b8b5ab4ba4adc9eb57	tests/test-cr6608-crashlog-sanitize-mock.sh
source-file	100644	9949d537418a2321ab145e0e6ee6248c8abc5e31666b7676b7f4aaf40eeae822	tests/test-dashapi2-runtime.sh
source-file	100755	136a3a705f970b3be268542a494faf9ac309058c2880809ae4de2c7cf184f6c0	tests/test-dashapi2-status-contract.sh
source-file	100755	e6ac6a2e0186ed9e8377c3e5c5f0f2445289fc6d3c1a22620240f2371bb28a10	tests/test-dashboard-cache-runtime.sh
source-file	100755	ab01c2a0422a89f6bef7e7361901f4a382e44285c7152a2c65fa73e6c611a010	tests/test-dashboard-live-no-cache.sh
source-file	100644	a75e6c729cce105a012be581b80a13fef8cdd9390bb6345362084480a72bd6e8	tests/test-dashboard-request-coordination.js
source-file	100755	049ee4d86a04d19f5df59fc4aa510ad425ba52c87288ec72acbaecbed558ebd8	tests/test-dashboard-ui-contracts.sh
source-file	100755	38fc85e4f46fdfa5c4ba5c075c5c83d618a95a46a64b063d2fc7873180db6431	tests/test-dashboard-zero-retention-contract.sh
source-file	100755	cbf2dfd02ddcf576bb7dd81c7af528d023a914b9d1be3e04df54b82f05e39f4d	tests/test-dashctl-json-builders.sh
source-file	100644	2fbdb560b15187dac205e36f8b4613b0fd23eeb6516ad2999001087a342c3bf1	tests/test-dashctl-mac-qos-transactions.sh
source-file	100644	44856056faaeaf5e69127f936d95a150357831ac326b4646bf700d02bd803f20	tests/test-dashctl-run-limit-runtime.sh
source-file	100644	7daf4783f98fd136405e9c0602b240ea06639dbdd09d54786478a28493a2e098	tests/test-dashctl-wifi-apply.sh
source-file	100644	a9ccb2588ad9de239d71af3d073f8ee387801c406afba53f0c1648a0483d7448	tests/test-dsa-port-contract.sh
source-file	100644	134d1ad476f9ca0dfcbf3c84b3a98512a397abb6feab89ad19d8c235f382da44	tests/test-easymesh-verifier-runtime.sh
source-file	100644	bd78b6728d71e1a0f6b765049f09b54a695a6d6afa710736467d9c7d6aefd0cf	tests/test-executable-line-endings.sh
source-file	100644	bc3a7f03b97b93cfbc94d8869e0c47d26b946d93c213a99a492097940208e5ab	tests/test-fetch-body-timeout.js
source-file	100755	0d5bde3e2478c5354545bcf977e4877b5c5ab869411d0b6df6d7f2642764cfc7	tests/test-fleet-mac-audit.py
source-file	100644	c31e3f2f92dd93cb1a2cb7a10a4babb386ed8d5e833bdd804300653f13d77be8	tests/test-guest-network-contract.sh
source-file	100755	a601b32e3f550ac8e906d2d4ad6824cf0807aeeba74ca0a1abd387ffe282dc50	tests/test-initramfs-ubi-detach.sh
source-file	100755	0c5cf6e9e58318bcc81150bda5c858acf7d125dac200832b2f0d22f10b5efa18	tests/test-ipv4-only-runtime.sh
source-file	100755	8f38e374f92974e73ae3b76a1641135f0cda58437b456b00c65742840d91b634	tests/test-ipv6-dualstack-contract.sh
source-file	100644	3ea881d679aba041a41f40b4a9b4e6801f7e6ea5fe53d47a51931375facf9784	tests/test-ipv6-upgrade-migration.py
source-file	100644	61712fcb1d98edde756e9bd8b214b86f706e5163f7833a0975c6b803dc0e830a	tests/test-json-charset-contract.sh
source-file	100644	6ffe7045bc6c1683ea2c10d35c75d398560a3fdef71caad4bb02e461d1f7cccb	tests/test-lan-scan-render.js
source-file	100644	05a5e80c6b683e329fae4e59f2a5e6cca1cd860e98e7c5d757e7cfd2e9313319	tests/test-legacy-11b-contract.sh
source-file	100755	ba99065a21ea1edfe70f8af032959a25a5d8854a150b2a227c5eaa0258c5d8e4	tests/test-login-cache-contract.sh
source-file	100644	1b5b864d7202bc7b0bfcbe77ed222f5561682af68a16521275469271982d011d	tests/test-login-runtime.js
source-file	100644	55bb307afd9a29db605a27eca93f3bb7bfe4975a2d05bc0460fa121ea98c62c0	tests/test-luci-wireless-txpower-preserve.sh
source-file	100755	720653e4034f5eb7abbe3cc001df1e84b612180db3ac5c6c7a24a2ae73f62738	tests/test-mac-identity-contract.sh
source-file	100755	3e7e714537bc4c97c9c948a6ff3087fce4c5c19d8849c2ba88cd436bc3d52c3f	tests/test-maintenance-publication-guards.sh
source-file	100755	f1966c0197d0a39283cca08314d67b702842468681db855d398735afa4e2ae60	tests/test-management-guard.sh
source-file	100644	e17af7194a8b0faab985ce75fb661d4f1e57e3e01e0075461f1ef11dad73bf14	tests/test-menu-argon-runtime.js
source-file	100644	09341585442edda8c773fe7d28a55dcdba0a903b26da7d82819c48f56b70ab50	tests/test-mndp-packet.py
source-file	100644	c650203f25c1a7f4dc4cfa97ca29230f03d6bcc8ae4bc5fb0103f1217c6cb44d	tests/test-mndp-source-contract.sh
source-file	100644	0f699028ef2c1d4ab165e7664cb8b7da26da45ff3637bd363e8b8b5182fd345d	tests/test-mobile-layout.js
source-file	100644	7710ef1aa611100bcbed06d02284964e8757e54505979bc2b8144b1650fcb633	tests/test-mt7621-eee-early-disable.sh
source-file	100755	2721d8ea2a3440893373236c30d959a2be353d9ca4805aa503477fbb35d9205c	tests/test-muru-driver-port.sh
source-file	100644	6f84d15391d4db37d182229319b66c222bf3a97c4dde077fea8b293d41a4d441	tests/test-network-safety.sh
source-file	100755	3bebb5c89680c18070aad6939301af19b3968e945c9dec5dc609751522e59ff8	tests/test-offline-source-fallback.py
source-file	100755	5bdf64f5f5fbf9f6915992b7737c1e3c05501c1fc8dc94243228f820c7a95b93	tests/test-package-manager-runtime.sh
source-file	100755	d67beefa9f6ecbc04420e8696e20cf8405838d38ed5a6bb93d32e3d8a9969a87	tests/test-port-readiness-runtime.sh
source-file	100644	f0f706071dc6ea20a9bad642c0262b365ac3fb8623bc23017446e6b0c5a4ae4a	tests/test-preserved-config-migration.py
source-file	100644	8e28dc3a5a04ad2ac4926e338faa8c3ce4a7f6f685d323eea6e471dad70e375d	tests/test-private-runtime-contract.sh
source-file	100644	f61eada37a9264dbdba1341925ae90e086315165d54ebb96a0ae703a7156e079	tests/test-prplmesh-credential-sync.sh
source-file	100755	a8627966a518ea01bf43481d4d91805b8d7b6051d757079e883d151e2b7b999b	tests/test-prplmesh-role-runtime.sh
source-file	100644	38c39960e704fbe38117abbbaa105cefdafbeacfa8164d3587f3d307a00fd4fd	tests/test-quicksettings-contracts.sh
source-file	100644	9b7921f375f9183d3c0cec18c24341fe7ec4343d1bddeb477600e730d436eff4	tests/test-quicksettings-safe-apply.js
source-file	100644	3a78056dcec9e4491779bd8b86cbd9ed9d833f4a1d4c6b58a737cfae3fb22f72	tests/test-release-package-contract.sh
source-file	100755	d9a010456404b85deb66841782e514db0a909da9c63a12f2107ac66a79176102	tests/test-rescue-guard-contract.sh
source-file	100755	50db2db7b433257f1cd44913e6dd9418e808da0b567bdfb1aef712be6d429e4a	tests/test-retail-build-profile.sh
source-file	100755	7107c25c47ba25c76e65a1a2b67900896e9e583317aecde565d6e20ba26c0251	tests/test-retail-commissioning-key.sh
source-file	100755	9c159cf3870ddbba7c0304b3cf59d2dfff5c390996223a69f4e00159865385be	tests/test-retail-radio-policy.sh
source-file	100755	c32f520d061d917ed7844d045acbd286b7a3d6071025623d39905b23bc716eed	tests/test-retail-security-contract.sh
source-file	100644	00cd92230dc772328b791d483e79243f4f3d6eca2445bba4cdeb640e16eceb39	tests/test-roaming-steering-contract.sh
source-file	100755	0fe2f01d42a5d099b3a4409c189bb3157fc3f6ff98f1409e28d46dbd45e0f9a9	tests/test-router-mobile-ui.js
source-file	100644	ca8fc3b3558a91a339cef4d292f948bf1ed5dc00e20cafed4583f11d76aa5933	tests/test-router-uhttpd-smartap.sh
source-file	100644	9a57c7af7f1a61492a417d7d1dcfbc668d02cc2efec2967a0965f71b3a7fec4a	tests/test-safe-apply-runtime.sh
source-file	100644	69a6ffc006bfb3100177afa9b81c320e76951723c483e4b13de02039328a21fb	tests/test-safe-apply.sh
source-file	100644	f3efddc6683314b1c7e20b58089ba78dc2f964acc822a33b25ab1435da17d3c2	tests/test-safe-wifi-reload.sh
source-file	100755	04442bc0a03b7231cd7790abd9cec1ae25606c1e53adaac54b5829e4ce1d6a73	tests/test-secure-console-migration.sh
source-file	100644	1dae5fe2c58080fbad298051d40394e5f9dd78ca31606bc18a2d348470ddf862	tests/test-smart-ap-branding.py
source-file	100644	0e0da201cd5ca98c9e8a19b13580724cbad899967560dca33dc8093665da5c89	tests/test-smartap-only-routing.sh
source-file	100644	1621f739c8c30f2e8a729248d731d64208be671e3a8b3b31b1c19c5a9f866a71	tests/test-smartap-qos-apply.sh
source-file	100644	43461804269ec2e5b3ff0f20a213f152fbdd29dd07631e0090f3d248f343e794	tests/test-source-kit-contract.py
source-file	100644	3a85251a4b576ee0b2b954a7fb0d13fdc1e7c3f1f680188aa4bfce3c191ee724	tests/test-sqm-safety-contract.sh
source-file	100644	a564ec904b4186083e09228149b3d499fa64b39877ec18636b52f4858ff227d0	tests/test-ssh-port-contract.sh
source-file	100644	e95b9ca2f0cec9fe1094f5b49d89b7ed132962a3e8a80fba4d0144c715f04772	tests/test-time-anchor-runtime.sh
source-file	100644	bb307aba2c3e9bba6fc611d088a2edf7e76297bdecf2da62c5d2fb7c578314e6	tests/test-txpower-collector-contract.sh
source-file	100644	5f078d3abe84efcf64c05dbae9968a834396bbe84f9ae73659344fca4c164b1e	tests/test-uci-sync-runtime.sh
source-file	100644	2d697ad1db233c327b7203043e79e4c20bfab4dc84e0c5c3d959f60c7ce5df1c	tests/test-ui-password-separation.sh
source-file	100644	d94de1474eeec2c6c8904b6c4fe0a703b8a9bd3ad425f42771874d99cdf74db9	tests/test-ul-forced-txpower-defaults.sh
source-file	100755	ae2156bf12562ab036713fb0d6c17fcf73ca9d236dc5d3a08fac3014e6926b6c	tests/test-ul-lab-build-profile.sh
source-file	100644	b6b7bb4d008902f082a5fa2b5cf6059ce19c640847da7720e159aae336c09dc1	tests/test-ul-muru-airtest-runtime.sh
source-file	100755	0b2bff59c35beaf9eac047efd231f4b24fc15388df7f10fee30e17d3a0c765eb	tests/test-ul-muru-defaults-migration.sh
source-file	100755	a57f806c09e5b3d70b952f122dbb68456d44f012273a65c2bf71750027776909	tests/test-ul-muru-deferred-runtime.sh
source-file	100755	af760a4a6020e20eef6b95fd94243e4fffb7253f1d078e9073267d76675aec2c	tests/test-ul-muru-guard-runtime.sh
source-file	100755	cdc958a316a8489e78b6a94ecab0fee6e8c04f9d84d2b9a117bb9690bae80acd	tests/test-ul-muru-verifier-runtime.sh
source-file	100644	94e0cdc1045c07d69a79d91d5f1a6313c687cfc45a6649a48edb7d57cf00a247	tests/test-vlan-lib.sh
source-file	100644	7bca04230934abc303a8df67c96aea2ba77f8d7b70ba6403dd7f0985a8b8ec7b	tests/test-wizard-channel-options.sh
source-file	100644	7ac110cc66f6a02c9b0f48a52165693519675a1cf0937763a0ada558d5be0784	tests/test_factory38_builder.py
source-file	100644	7cb97e9ec00c3a45cd537993c6bc4b5eee3245c52d764847d090f73c88f2fb06	tests/test_factory38_stage_guards.sh
source-file	100644	75ecfc91d5d199f801c0d261a1dbb9f30ae7f7ceec5b7eaadcb25f88bd926881	tests/test_factory38_stage_mock.sh
source-file	100755	9de2d6684984664c11961b51c71ad31e7b5db63d37dbfebdf78e7e5a76d6ea59	tools/cr6608-feed-cache.py
source-file	100755	98e03af8c93a53b113a1098998281bf82417e46e7b9c096c57d5cc488cf008e7	tools/cr6608-fleet-mac-audit.py
source-file	100755	9a34cc9168725ee90c4d2320925749c55553425c7f7312c56987d96978c37bb1	tools/cr6608-openwrt-tag-gate.sh
source-file	100644	5a36c275b7a3f6108ab61b3b353cd27e04a3298b0fd58729c2d103396f222cb0	tools/cr6608_source_kit.py
source-file	100644	dbd07728281310b11885e9491600ec1cee0e1b20c18db9aafdad311c4e7896bc	tools/generate-smart-ap-brand.py
source-file	100755	c8f43f90b4cae6515f11c9f0f4e93f472f18e3189644e1fa966a0a56e1b86687	tools/stage-retail-commissioning-key.sh
source-file	100755	af4177fb0db8337d9fecac06668c32453b825558f96792d4696ca66e1a18c0a8	tools/verify-mt7915-muru-firmware.sh
